{
  "precision": 0.8721424440642018,
  "recall": 0.6579547728783851,
  "mAP50": 0.7715086486514229,
  "mAP50_95": 0.4758456296388266,
  "fitness": 0.4758456296388266
}