{
  "precision": 0.6557601877287793,
  "recall": 0.5517104151691433,
  "mAP50": 0.6138675220187013,
  "mAP50_95": 0.31074955087172046,
  "fitness": 0.31074955087172046
}