{
  "precision": 0.16304347825909735,
  "recall": 0.07246376811559196,
  "mAP50": 0.05584440752863884,
  "mAP50_95": 0.017371442168951035,
  "fitness": 0.017371442168951035
}